,Entity,Code,Year,Liver Cancer,Kidney Cancer,Lip and oral cavity cancer,"Tracheal, bronchus, and lung cancer",Larynx Cancer,Gallbladder and biliary tract cancer,Malignant Skin Cancer,Leukemia,Hodgkin Lymphoma,Multiple Myeloma,Other Neoplasms,Breast Cancer,Prostrate Cancer,Thyroid Cancer,Stomach Cancer,Bladder Cancer,Uterine Cancer,Ovarian Cancer,Cervical Cancer,Brain and central nervous system cancer,Non-Hodgkin Lymphoma,Pancreatic Cancer,Esophageal Cancer,Testicular Cancer,Nasopharynx Cancer,Other Pharynx Cancer, Colon and rectum cancer,Non-melanoma skin cancer,Mesothelioma,Total
0,Argentina,ARG,1990,481,1839,548,10215,1045,2066,302,1938,221,516,203,5473,3509,250,4600,1528,603,1070,1853,1083,1360,3036,2420,169,119,309,6593,238,84,53671
1,Argentina,ARG,1991,472,1882,547,10327,1055,2082,313,1978,223,526,206,5593,3619,253,4560,1540,609,1088,1890,1086,1411,3094,2416,171,117,304,6676,243,84,54365
2,Argentina,ARG,1992,472,1938,556,10613,1081,2110,336,2031,223,541,212,5761,3747,258,4591,1573,631,1112,1932,1091,1472,3248,2443,175,117,301,6938,250,86,55839
3,Argentina,ARG,1993,473,1958,554,10673,1084,2115,354,2061,223,557,218,5899,3893,258,4546,1579,644,1137,1961,1097,1520,3351,2441,177,114,290,7089,256,86,56608
4,Argentina,ARG,1994,473,1959,559,10708,1089,2089,372,2084,222,572,223,5978,4037,256,4490,1577,650,1164,1985,1096,1559,3441,2439,180,112,280,7213,261,86,57154
5,Argentina,ARG,1995,481,1934,571,10845,1098,2086,391,2132,224,591,229,6169,4226,255,4530,1597,665,1193,2050,1107,1609,3600,2448,183,109,268,7447,268,88,58394
6,Argentina,ARG,1996,490,1899,601,11107,1127,2080,410,2197,228,611,235,6388,4427,251,4618,1631,685,1226,2147,1120,1687,3794,2501,186,108,256,7782,276,91,60159
7,Argentina,ARG,1997,502,1817,636,11301,1142,2025,424,2260,237,640,242,6598,4664,239,4689,1678,707,1277,2281,1139,1755,4074,2570,190,103,228,8217,288,94,62017
8,Argentina,ARG,1998,527,1805,669,11509,1152,2019,443,2324,225,669,256,6790,4904,237,4764,1718,722,1306,2372,1162,1848,4272,2628,194,101,212,8635,301,96,63860
9,Argentina,ARG,1999,551,1804,690,11646,1165,2007,455,2356,214,674,267,6955,5037,237,4824,1737,723,1324,2457,1172,1916,4435,2665,197,101,207,8977,301,104,65198
10,Argentina,ARG,2000,573,1800,693,11386,1143,1965,464,2347,203,692,275,6933,5153,230,4705,1724,704,1364,2466,1194,1923,4459,2645,198,99,195,8996,313,109,64951
11,Argentina,ARG,2001,602,1844,705,11456,1149,1960,486,2368,201,695,289,7058,5254,231,4728,1729,693,1393,2491,1225,1955,4544,2648,206,98,194,9232,319,120,65873
12,Argentina,ARG,2002,635,1907,721,11723,1161,1976,504,2387,201,708,307,7192,5368,230,4830,1764,690,1430,2524,1270,1984,4668,2666,212,97,193,9503,323,132,67306
13,Argentina,ARG,2003,666,1942,740,11825,1155,2002,520,2392,202,719,326,7401,5489,229,4879,1805,689,1447,2557,1306,2016,4775,2662,213,98,194,9749,326,145,68469
14,Argentina,ARG,2004,687,1968,727,11699,1123,1985,527,2373,196,719,346,7373,5558,232,4799,1791,677,1475,2541,1340,1995,4796,2617,216,98,191,9733,333,155,68270
15,Argentina,ARG,2005,712,2010,719,11675,1097,1973,537,2373,192,729,363,7343,5600,232,4724,1786,663,1505,2509,1366,1981,4876,2591,218,96,190,9811,337,162,68370
16,Argentina,ARG,2006,753,2068,724,11860,1080,1981,551,2375,191,738,379,7401,5687,236,4710,1795,660,1532,2535,1402,1973,4990,2587,223,98,189,10003,347,167,69235
17,Argentina,ARG,2007,804,2129,748,12259,1086,2016,568,2425,194,750,399,7570,5760,241,4811,1818,673,1539,2596,1442,2005,5176,2608,231,98,193,10381,358,176,71054
18,Argentina,ARG,2008,840,2147,741,12195,1052,1985,572,2379,197,759,412,7463,5754,240,4705,1791,662,1546,2600,1457,1963,5154,2540,228,96,191,10277,361,176,70483
19,Argentina,ARG,2009,868,2193,740,12229,1027,1988,580,2400,197,764,426,7594,5759,242,4704,1784,671,1554,2654,1497,1955,5230,2509,232,97,192,10386,367,181,71020
20,Argentina,ARG,2010,917,2261,748,12366,1011,2003,589,2401,196,781,441,7680,5827,248,4741,1804,682,1568,2685,1546,1958,5293,2496,235,97,195,10609,386,187,71951
21,Argentina,ARG,2011,959,2317,753,12561,989,1998,600,2416,199,790,455,7722,5814,255,4748,1820,692,1574,2704,1585,1955,5382,2490,241,97,197,10804,398,192,72707
22,Argentina,ARG,2012,999,2376,760,12659,978,1995,611,2431,205,797,464,7730,5826,258,4771,1827,697,1577,2734,1631,1960,5462,2480,243,98,202,10962,410,198,73341
23,Argentina,ARG,2013,1039,2410,771,12735,972,2002,617,2458,209,809,477,7765,5827,264,4794,1842,701,1589,2786,1655,1972,5512,2468,247,96,205,11089,423,206,73940
24,Argentina,ARG,2014,1071,2439,771,12687,959,2008,623,2470,212,816,490,7764,5840,263,4771,1858,702,1598,2817,1669,1967,5552,2449,249,96,206,11153,435,212,74147
25,Argentina,ARG,2015,1111,2511,779,12879,967,2034,641,2502,216,842,508,7907,5930,270,4845,1900,721,1610,2867,1691,2006,5738,2474,254,98,212,11498,449,209,75669
26,Argentina,ARG,2016,1149,2607,810,13298,999,2101,668,2578,220,862,519,8204,6039,282,5032,1978,758,1653,2972,1724,2088,6032,2556,262,102,219,12131,462,216,78521
27,Argentina,ARG,2017,1154,2669,826,13542,1025,2144,687,2617,219,886,525,8374,6147,287,5110,2026,780,1694,3006,1745,2146,6257,2649,266,104,224,12530,464,217,80320
28,Argentina,ARG,2018,1157,2711,830,13627,1032,2148,695,2624,218,906,530,8372,6222,288,5073,2035,783,1724,3010,1757,2161,6346,2688,269,105,227,12612,463,217,80830
29,Argentina,ARG,2019,1172,2775,844,13879,1053,2181,709,2658,218,930,540,8476,6372,292,5120,2076,797,1760,3035,1780,2202,6513,2759,273,107,233,12886,469,219,82328
30,Bolivia,BOL,1990,169,50,42,426,53,254,47,382,39,53,10,307,336,46,1478,69,92,48,616,98,141,77,83,12,10,15,261,27,11,5252
31,Bolivia,BOL,1991,174,52,43,440,54,261,48,391,39,54,11,322,349,48,1507,71,95,50,631,102,147,83,85,12,10,16,272,28,12,5407
32,Bolivia,BOL,1992,179,54,45,454,55,270,50,401,40,56,11,342,364,50,1541,74,99,54,655,107,153,89,88,13,10,16,285,30,12,5597
33,Bolivia,BOL,1993,186,56,46,468,56,280,52,412,40,59,11,359,378,52,1583,77,103,57,678,112,159,94,90,14,11,17,297,32,13,5792
34,Bolivia,BOL,1994,191,59,47,480,56,287,54,421,41,60,12,375,393,54,1608,79,106,61,694,117,166,100,92,14,11,17,309,33,13,5950
35,Bolivia,BOL,1995,197,61,49,499,57,296,56,433,42,63,12,391,414,56,1656,82,109,65,708,124,174,107,95,15,11,18,324,35,13,6162
36,Bolivia,BOL,1996,203,64,50,514,58,302,58,441,42,65,13,404,434,59,1686,85,112,69,716,130,182,114,97,16,12,18,337,37,14,6332
37,Bolivia,BOL,1997,211,68,53,545,60,313,61,457,43,69,13,427,464,62,1750,90,116,74,733,140,194,127,102,17,12,19,361,40,15,6636
38,Bolivia,BOL,1998,218,72,55,567,62,320,63,467,43,71,14,439,495,65,1793,94,118,79,736,150,205,137,105,18,12,19,379,43,15,6854
39,Bolivia,BOL,1999,225,75,57,585,63,327,65,476,45,74,14,451,518,68,1841,97,121,83,743,160,215,145,108,19,13,20,396,45,16,7065
40,Bolivia,BOL,2000,226,80,59,609,64,335,68,489,45,78,15,470,551,71,1883,101,125,89,754,171,227,159,112,21,13,20,419,49,17,7320
41,Bolivia,BOL,2001,235,84,61,629,65,341,70,495,46,81,16,486,586,74,1913,105,129,95,760,180,237,171,115,22,14,21,440,52,18,7541
42,Bolivia,BOL,2002,243,89,63,651,66,351,73,505,46,85,16,509,610,77,1954,108,135,101,781,189,247,184,119,23,14,21,464,55,19,7798
43,Bolivia,BOL,2003,252,94,65,674,67,359,76,508,47,89,17,527,633,81,1990,111,140,108,790,197,257,198,123,24,14,22,487,58,20,8028
44,Bolivia,BOL,2004,261,98,67,695,68,369,78,513,47,93,18,548,659,84,2023,115,145,114,806,205,266,210,126,24,15,22,509,61,20,8259
45,Bolivia,BOL,2005,267,103,69,716,71,380,81,520,48,97,19,568,695,87,2064,120,151,120,824,212,275,221,130,25,15,23,531,64,21,8517
46,Bolivia,BOL,2006,277,108,72,742,73,390,84,526,48,101,19,587,732,91,2110,125,156,126,838,220,286,233,134,26,16,24,556,67,22,8789
47,Bolivia,BOL,2007,287,113,75,772,75,405,88,539,49,106,20,614,759,95,2168,129,163,133,869,229,298,247,139,27,16,24,585,71,23,9118
48,Bolivia,BOL,2008,296,117,77,800,77,419,90,550,49,110,21,630,801,98,2229,135,169,139,890,237,309,257,144,28,17,25,611,74,24,9423
49,Bolivia,BOL,2009,307,122,80,828,80,432,94,560,50,115,22,649,839,102,2292,141,174,144,913,244,321,267,149,29,17,26,638,78,25,9738
50,Bolivia,BOL,2010,315,128,83,862,82,446,97,569,50,120,23,671,881,106,2353,147,181,151,935,251,333,281,155,29,18,27,668,81,26,10069
51,Bolivia,BOL,2011,326,134,86,900,85,462,101,579,51,125,24,695,929,110,2418,155,188,157,957,260,347,299,161,30,18,28,702,86,27,10440
52,Bolivia,BOL,2012,338,141,89,936,88,476,104,589,51,130,25,716,970,114,2477,161,194,163,978,268,360,315,166,31,19,29,734,89,28,10779
53,Bolivia,BOL,2013,350,147,92,967,91,491,107,598,52,135,26,734,1010,118,2542,167,201,169,1000,275,373,326,172,32,19,30,764,93,29,11110
54,Bolivia,BOL,2014,361,149,94,981,93,504,110,606,55,138,27,741,1039,121,2609,171,206,173,1023,280,382,321,175,32,20,30,780,96,29,11346
55,Bolivia,BOL,2015,374,157,97,1023,96,520,114,619,55,144,28,771,1087,125,2670,178,213,181,1046,290,399,342,181,33,20,32,819,100,30,11744
56,Bolivia,BOL,2016,387,170,102,1086,100,538,119,635,54,153,30,817,1148,130,2737,187,222,192,1069,304,421,384,191,35,21,33,874,105,32,12276
57,Bolivia,BOL,2017,400,177,106,1125,103,553,122,648,54,158,31,843,1191,134,2805,193,228,200,1091,312,437,401,197,36,21,34,909,109,33,12651
58,Bolivia,BOL,2018,414,186,110,1173,107,571,126,660,55,165,32,874,1247,139,2882,200,235,209,1114,321,454,424,204,37,22,35,952,113,34,13095
59,Bolivia,BOL,2019,427,194,114,1217,110,587,130,671,56,172,34,902,1297,143,2954,207,242,217,1138,330,471,445,211,38,22,36,992,117,35,13509
60,Brazil,BRA,1990,1830,1418,2428,15661,2751,2913,916,5656,637,1086,328,8883,8178,585,15970,2166,1374,2068,7448,3715,2992,4552,6134,233,218,1684,8340,782,383,111329
61,Brazil,BRA,1991,1848,1460,2475,15934,2783,2930,945,5654,633,1127,338,9074,8500,592,15838,2188,1392,2125,7493,3786,3022,4631,6171,234,226,1726,8519,800,383,112827
62,Brazil,BRA,1992,1891,1516,2567,16526,2876,2996,991,5688,629,1181,351,9508,8935,607,16119,2270,1441,2214,7680,3911,3100,4830,6323,241,238,1803,8929,828,392,116581
63,Brazil,BRA,1993,1948,1605,2712,17483,3040,3105,1060,5811,625,1250,369,10144,9486,638,16694,2379,1513,2315,7953,4130,3257,5140,6590,245,254,1906,9610,868,405,122535
64,Brazil,BRA,1994,1991,1658,2811,18016,3121,3147,1111,5868,621,1313,381,10594,9987,654,16826,2449,1569,2404,8072,4320,3359,5316,6713,248,267,1964,10061,909,408,126158
65,Brazil,BRA,1995,2068,1708,2890,18578,3215,3174,1157,5931,618,1394,394,11046,10531,672,17033,2516,1606,2525,8254,4584,3473,5500,6845,253,289,2032,10548,937,411,130182
66,Brazil,BRA,1996,2144,1793,3024,19333,3307,3217,1217,6043,624,1493,406,11535,11150,685,17464,2605,1672,2629,8409,5009,3611,5705,7065,263,312,2125,11213,986,416,135455
67,Brazil,BRA,1997,2201,1858,3106,19840,3380,3243,1256,6099,616,1580,421,11908,11770,696,17623,2674,1694,2746,8524,5396,3716,5851,7182,267,328,2181,11715,1038,430,139339
68,Brazil,BRA,1998,2294,1947,3241,20713,3484,3322,1316,6208,619,1671,449,12504,12454,725,18046,2790,1738,2868,8723,5769,3868,6127,7421,275,347,2285,12449,1092,450,145195
69,Brazil,BRA,1999,2398,2036,3399,21454,3567,3364,1373,6316,622,1763,481,12939,13055,748,18387,2923,1780,2976,8888,6097,3995,6403,7626,277,368,2394,13100,1133,473,150335
70,Brazil,BRA,2000,2502,2166,3507,22190,3618,3426,1431,6449,616,1842,509,13334,13660,760,18619,3010,1816,3101,8950,6396,4118,6661,7836,288,383,2493,13757,1205,497,155140
71,Brazil,BRA,2001,2656,2265,3637,22885,3728,3502,1479,6614,620,1931,541,13728,14242,795,18897,3132,1851,3197,9036,6661,4244,6950,8057,299,399,2561,14436,1281,509,160133
72,Brazil,BRA,2002,2807,2380,3773,23540,3826,3576,1522,6746,617,2031,576,14176,14834,816,19209,3267,1896,3301,9062,6892,4358,7239,8321,311,416,2667,15193,1364,525,165241
73,Brazil,BRA,2003,2969,2491,3918,24325,3923,3660,1575,6858,627,2136,613,14537,15434,844,19548,3389,1954,3393,9096,7112,4483,7559,8607,326,426,2755,15929,1411,549,170447
74,Brazil,BRA,2004,3139,2611,4049,25068,4058,3752,1631,6976,634,2226,651,14976,16004,882,19845,3503,1992,3493,9148,7337,4599,7947,8923,335,434,2848,16661,1471,569,175762
75,Brazil,BRA,2005,3265,2692,4099,25313,4107,3781,1669,7018,628,2300,685,15111,16422,901,19646,3566,2010,3591,9068,7508,4630,8146,9043,345,442,2895,17022,1537,586,178026
76,Brazil,BRA,2006,3436,2837,4206,25977,4222,3875,1738,7158,632,2375,733,15584,16967,932,19829,3683,2076,3691,9145,7729,4789,8490,9299,358,454,2950,17761,1616,620,183162
77,Brazil,BRA,2007,3598,2963,4315,26738,4323,3960,1804,7307,640,2468,785,15937,17444,959,19960,3804,2142,3781,9232,7977,4925,8858,9538,370,461,3005,18442,1698,647,188081
78,Brazil,BRA,2008,3794,3107,4432,27527,4454,4050,1869,7445,652,2577,834,16344,17897,985,20104,3943,2204,3891,9353,8223,5062,9241,9798,384,469,3081,19183,1786,676,193365
79,Brazil,BRA,2009,4009,3253,4546,28347,4553,4164,1939,7603,660,2676,886,16783,18301,1012,20355,4106,2273,3996,9518,8499,5223,9665,10050,393,477,3151,19946,1866,708,198958
80,Brazil,BRA,2010,4233,3392,4648,29272,4674,4266,2003,7754,665,2797,945,17159,18703,1037,20601,4267,2344,4123,9588,8769,5359,10167,10303,405,486,3225,20721,1950,736,204592
81,Brazil,BRA,2011,4463,3535,4766,30155,4808,4374,2052,7929,670,2911,1000,17603,19007,1057,20805,4405,2437,4227,9720,9018,5520,10711,10521,417,493,3284,21493,2031,762,210174
82,Brazil,BRA,2012,4662,3671,4828,30815,4909,4454,2083,8025,671,3026,1057,17855,19303,1060,20853,4512,2500,4330,9816,9230,5620,11168,10681,422,494,3307,21993,2111,780,214236
83,Brazil,BRA,2013,4850,3817,4930,31734,4994,4565,2129,8142,671,3162,1126,18232,19662,1082,21072,4674,2580,4449,9948,9455,5720,11727,10913,434,498,3352,22737,2200,800,219655
84,Brazil,BRA,2014,5036,3935,5017,32518,5055,4673,2170,8237,670,3303,1186,18482,20061,1095,21178,4815,2655,4561,10058,9644,5800,12211,11105,436,495,3402,23360,2288,811,224257
85,Brazil,BRA,2015,5235,4096,5131,33513,5162,4801,2231,8389,672,3438,1241,18993,20559,1108,21507,4981,2760,4734,10286,9850,5913,12802,11355,441,499,3480,24148,2388,827,230540
86,Brazil,BRA,2016,5456,4281,5300,34801,5324,4983,2311,8605,678,3592,1306,19647,21209,1131,22170,5191,2885,4905,10570,10088,6085,13530,11716,442,514,3619,25321,2501,865,239026
87,Brazil,BRA,2017,5527,4352,5307,35043,5301,5061,2328,8544,674,3693,1336,19627,21647,1138,22054,5287,2938,5022,10647,10158,6063,13851,11799,450,511,3651,25574,2583,893,241059
88,Brazil,BRA,2018,5649,4466,5408,35826,5337,5168,2391,8652,670,3817,1367,19797,22393,1161,22423,5393,3007,5169,10842,10336,6184,14360,12137,447,518,3744,26176,2650,925,246413
89,Brazil,BRA,2019,5822,4623,5564,36987,5452,5304,2470,8796,673,3964,1412,20121,23341,1191,22978,5566,3093,5325,11075,10556,6332,14977,12551,449,527,3868,27052,2744,960,253773
90,Chile,CHL,1990,218,414,108,1862,140,1790,101,541,68,216,75,961,918,74,3229,268,96,275,1008,224,399,666,746,111,17,56,1167,69,38,15855
91,Chile,CHL,1991,219,400,105,1841,134,1798,104,530,65,228,78,961,973,76,3161,274,102,285,1000,227,400,684,754,110,16,54,1176,71,37,15863
92,Chile,CHL,1992,222,394,106,1839,134,1812,105,529,63,236,81,966,1033,79,3151,279,106,298,996,228,410,685,765,112,16,52,1200,79,36,16012
93,Chile,CHL,1993,228,403,111,1899,137,1856,109,538,62,247,84,993,1088,80,3236,292,110,303,1008,233,424,723,784,116,16,52,1254,84,37,16507
94,Chile,CHL,1994,231,408,115,1946,140,1907,116,544,60,255,87,1024,1158,82,3303,301,114,317,1006,241,445,748,803,113,16,51,1304,92,38,16965
95,Chile,CHL,1995,243,429,119,2038,145,1964,124,557,60,270,91,1058,1251,86,3417,315,116,327,1000,248,467,781,827,114,16,54,1369,98,40,17624
96,Chile,CHL,1996,247,447,118,2100,143,2001,128,571,59,286,95,1078,1357,86,3470,323,118,339,986,257,489,802,855,116,15,52,1420,107,41,18106
97,Chile,CHL,1997,245,465,119,2101,142,2015,132,575,59,297,97,1086,1386,86,3488,322,121,346,970,257,505,812,854,115,15,53,1446,107,40,18256
98,Chile,CHL,1998,255,493,121,2134,141,2047,137,585,57,312,102,1125,1437,88,3519,333,125,365,961,266,531,843,859,114,15,54,1489,113,41,18662
99,Chile,CHL,1999,261,502,124,2180,139,2081,142,597,58,328,108,1151,1495,91,3583,349,126,377,949,271,554,877,881,117,16,56,1557,118,42,19130
100,Chile,CHL,2000,273,510,128,2204,134,2083,148,605,55,346,112,1160,1552,93,3548,367,128,391,921,283,567,886,876,117,16,57,1590,126,43,19319
101,Chile,CHL,2001,288,531,131,2301,136,2113,151,632,54,356,121,1196,1598,96,3620,383,134,397,914,297,593,934,875,115,17,59,1675,130,44,19891
102,Chile,CHL,2002,305,547,132,2356,136,2125,156,638,55,375,128,1209,1662,98,3629,397,134,402,892,306,604,975,874,116,17,62,1716,140,49,20235
103,Chile,CHL,2003,325,570,136,2441,138,2150,163,653,53,390,136,1249,1731,102,3686,414,139,409,890,318,625,1034,879,116,18,63,1817,147,50,20842
104,Chile,CHL,2004,344,601,139,2546,140,2140,166,662,54,403,144,1279,1787,103,3698,434,145,420,879,334,636,1072,873,113,18,64,1910,153,52,21309
105,Chile,CHL,2005,362,624,139,2601,141,2129,165,663,52,412,152,1305,1838,104,3663,451,149,430,865,342,646,1091,862,111,18,65,1962,163,51,21556
106,Chile,CHL,2006,381,636,141,2670,141,2120,166,673,53,418,158,1330,1893,107,3649,458,158,435,854,355,657,1120,838,108,18,64,2022,166,51,21840
107,Chile,CHL,2007,403,660,145,2754,144,2121,169,691,53,427,164,1362,1948,111,3668,469,167,436,844,376,666,1158,830,111,19,65,2104,176,52,22293
108,Chile,CHL,2008,426,683,147,2820,144,2088,170,695,53,438,172,1377,2012,112,3660,473,173,446,825,394,666,1188,809,111,20,66,2164,188,54,22574
109,Chile,CHL,2009,455,725,155,2981,152,2130,178,720,54,454,187,1461,2108,120,3831,494,188,458,833,415,692,1263,812,119,21,67,2329,207,55,23664
110,Chile,CHL,2010,490,761,162,3116,154,2154,189,740,56,471,198,1517,2221,126,3916,520,201,475,830,433,709,1328,808,118,22,68,2490,222,56,24551
111,Chile,CHL,2011,526,788,170,3206,156,2151,194,758,57,489,206,1551,2293,127,3891,527,209,486,826,446,711,1368,800,117,22,70,2600,229,56,25030
112,Chile,CHL,2012,571,827,178,3305,158,2139,196,782,58,507,215,1583,2362,132,3908,540,219,495,820,458,717,1426,791,116,23,72,2729,239,58,25624
113,Chile,CHL,2013,602,859,184,3429,159,2128,202,810,60,523,224,1620,2417,137,3934,566,229,503,826,471,729,1490,792,118,23,75,2869,245,58,26282
114,Chile,CHL,2014,638,898,184,3506,162,2105,213,824,63,541,233,1633,2464,139,3917,594,234,513,824,481,731,1540,797,119,23,76,2974,254,62,26742
115,Chile,CHL,2015,672,932,188,3584,163,2111,221,843,65,557,245,1685,2511,144,3950,614,242,527,845,492,745,1602,808,120,24,80,3109,260,62,27401
116,Chile,CHL,2016,686,962,193,3622,161,2105,226,853,67,570,256,1689,2568,146,3919,627,244,549,847,499,754,1645,820,119,25,82,3159,269,66,27728
117,Chile,CHL,2017,698,998,199,3761,168,2211,234,870,66,597,264,1750,2674,151,4055,652,254,571,875,507,786,1729,875,123,25,85,3297,277,66,28818
118,Chile,CHL,2018,712,1035,205,3884,174,2282,242,884,66,621,273,1793,2779,156,4147,674,261,588,894,514,810,1803,919,125,26,88,3416,286,67,29724
119,Chile,CHL,2019,727,1071,211,4005,179,2351,249,898,67,645,282,1831,2888,160,4237,695,267,604,911,521,833,1874,964,127,27,91,3524,295,68,30602
120,Colombia,COL,1990,523,227,287,2732,404,726,153,1366,163,198,82,1446,1518,186,4955,318,168,488,1612,576,646,912,718,69,60,81,1544,193,33,22384
121,Colombia,COL,1991,555,237,302,2943,430,746,159,1424,173,210,85,1514,1644,196,5247,335,177,496,1663,608,676,962,746,69,63,85,1651,203,36,23635
122,Colombia,COL,1992,574,243,309,3031,444,752,161,1455,175,217,87,1571,1731,201,5339,343,184,509,1727,630,695,972,754,70,64,86,1709,208,37,24278
123,Colombia,COL,1993,570,254,311,3081,452,759,166,1501,174,227,90,1636,1825,207,5350,344,193,528,1784,666,709,1001,756,70,64,86,1779,216,38,24837
124,Colombia,COL,1994,581,266,319,3158,462,760,176,1543,169,238,93,1685,1923,208,5355,348,201,545,1847,703,729,1045,761,72,64,89,1870,218,39,25467
125,Colombia,COL,1995,590,273,321,3229,469,762,179,1526,168,247,96,1694,2006,209,5322,352,208,560,1882,726,725,1066,756,75,65,88,1944,224,41,25803
126,Colombia,COL,1996,596,286,325,3363,485,779,185,1564,171,261,100,1734,2135,210,5432,359,216,575,1971,769,744,1105,778,76,66,86,2062,227,42,26702
127,Colombia,COL,1997,545,296,317,3311,466,771,188,1515,162,271,100,1733,2199,197,5233,359,234,585,2016,796,738,1093,753,76,67,86,2086,228,42,26463
128,Colombia,COL,1998,548,306,317,3313,459,777,187,1493,155,287,104,1769,2297,196,5185,366,243,605,2085,827,742,1099,747,77,66,86,2137,236,42,26751
129,Colombia,COL,1999,546,321,332,3470,475,794,197,1562,158,305,110,1840,2420,201,5360,390,256,624,2162,883,777,1131,769,81,70,89,2277,259,42,27901
130,Colombia,COL,2000,551,336,339,3560,482,816,201,1556,156,319,119,1900,2548,204,5448,403,264,648,2182,908,798,1157,782,82,72,92,2377,277,42,28619
131,Colombia,COL,2001,577,349,347,3701,492,842,210,1555,160,333,131,1973,2694,212,5527,422,266,673,2197,927,824,1180,795,82,72,97,2497,289,45,29469
132,Colombia,COL,2002,646,400,390,4281,550,898,240,1708,181,368,153,2080,3000,231,6222,474,272,705,2250,1000,935,1322,879,87,82,110,2850,328,55,32697
133,Colombia,COL,2003,652,401,375,4105,495,901,238,1713,180,370,162,2173,2889,234,5890,468,275,735,2274,1015,933,1297,839,91,78,108,2856,329,52,32128
134,Colombia,COL,2004,685,420,378,4235,493,910,247,1752,180,378,173,2205,2923,242,5924,486,277,758,2239,1055,980,1329,839,96,78,105,2972,337,59,32755
135,Colombia,COL,2005,692,423,371,4176,466,907,251,1765,171,384,184,2224,2831,247,5731,482,273,793,2201,1058,1003,1329,810,98,74,100,2979,352,60,32435
136,Colombia,COL,2006,737,440,387,4377,467,934,266,1829,171,403,205,2319,2885,257,5889,498,276,827,2199,1085,1057,1407,827,101,76,100,3184,370,64,33637
137,Colombia,COL,2007,758,445,387,4392,450,948,274,1856,164,414,224,2380,2911,264,5787,500,279,858,2161,1086,1072,1439,812,104,74,101,3256,383,63,33842
138,Colombia,COL,2008,814,474,398,4556,456,975,291,1921,166,434,247,2487,3019,276,5865,519,293,894,2178,1102,1131,1523,825,107,76,102,3443,404,66,35042
139,Colombia,COL,2009,892,520,422,4885,477,1018,317,2006,175,468,274,2609,3273,292,6140,549,306,926,2166,1131,1208,1641,863,114,80,105,3709,425,72,37063
140,Colombia,COL,2010,942,540,424,4981,468,1041,329,2033,174,492,296,2729,3339,303,6138,556,318,961,2162,1134,1236,1703,855,117,78,106,3845,440,71,37811
141,Colombia,COL,2011,978,545,428,4950,450,1031,331,2000,169,508,310,2729,3353,305,5948,549,321,996,2087,1114,1232,1714,828,121,76,106,3834,446,70,37529
142,Colombia,COL,2012,1041,567,435,5077,456,1055,351,2021,171,535,331,2830,3433,320,6007,564,336,1036,2083,1140,1277,1786,830,129,77,109,3971,452,73,38493
143,Colombia,COL,2013,1107,590,445,5197,464,1077,365,2031,172,560,350,2909,3482,333,6030,576,348,1075,2072,1153,1312,1845,836,132,77,113,4073,467,78,39269
144,Colombia,COL,2014,1151,604,456,5262,461,1107,377,2065,171,582,360,3076,3461,349,6015,581,375,1133,2153,1182,1343,1916,836,139,77,116,4183,475,80,40086
145,Colombia,COL,2015,1219,635,482,5503,474,1144,395,2108,177,621,378,3174,3607,355,6212,609,394,1174,2189,1215,1396,2041,872,142,80,121,4404,501,84,41706
146,Colombia,COL,2016,1262,661,498,5720,496,1174,409,2122,177,644,386,3247,3820,366,6360,638,406,1222,2267,1241,1422,2153,925,139,82,125,4582,527,86,43157
147,Colombia,COL,2017,1304,685,513,5907,513,1200,422,2152,179,669,397,3289,4014,374,6477,663,416,1261,2309,1271,1450,2253,969,142,85,129,4741,553,88,44425
148,Colombia,COL,2018,1350,712,532,6127,531,1238,437,2173,180,693,408,3356,4229,387,6633,694,433,1294,2356,1297,1485,2381,1017,144,88,135,4955,579,90,45934
149,Colombia,COL,2019,1396,737,549,6348,550,1270,450,2186,180,717,419,3401,4460,396,6769,722,446,1328,2395,1320,1512,2496,1065,145,90,139,5138,604,92,47320
150,Ecuador,ECU,1990,162,81,44,471,49,266,58,406,50,52,19,298,518,42,1629,76,152,48,516,63,164,97,112,9,10,18,366,43,8,5827
151,Ecuador,ECU,1991,173,87,48,522,54,284,61,438,52,56,20,322,563,46,1780,82,158,53,547,71,180,113,121,10,10,20,398,46,9,6324
152,Ecuador,ECU,1992,177,89,49,540,53,288,62,446,51,58,20,338,580,48,1786,83,158,58,563,75,186,125,121,11,11,20,411,48,9,6464
153,Ecuador,ECU,1993,180,91,50,555,52,285,62,451,50,59,21,344,601,50,1788,84,152,63,560,81,192,136,119,13,11,20,419,50,9,6548
154,Ecuador,ECU,1994,185,94,52,580,53,284,64,465,50,61,21,356,625,53,1818,85,147,70,564,91,202,155,119,15,11,20,433,52,9,6734
155,Ecuador,ECU,1995,187,93,54,597,52,280,64,477,50,62,22,365,642,56,1833,86,139,78,564,103,211,176,116,17,11,20,442,53,9,6859
156,Ecuador,ECU,1996,195,95,57,633,56,286,66,498,50,65,23,387,685,63,1958,89,135,92,590,124,230,213,120,22,12,20,467,56,9,7296
157,Ecuador,ECU,1997,192,95,57,634,54,280,66,495,49,66,23,391,710,66,1917,89,140,103,589,140,239,239,120,26,12,19,471,57,9,7348
158,Ecuador,ECU,1998,199,98,61,668,57,290,68,509,49,71,24,413,770,72,2019,94,150,116,617,159,259,276,126,31,12,20,505,62,10,7805
159,Ecuador,ECU,1999,198,100,63,687,58,296,70,509,48,73,25,423,817,76,2083,97,157,126,624,174,273,303,129,34,13,21,529,65,10,8081
160,Ecuador,ECU,2000,199,101,65,713,58,300,69,518,45,75,26,429,845,81,2097,99,165,140,628,193,282,333,131,36,13,20,566,66,10,8303
161,Ecuador,ECU,2001,207,110,68,741,58,291,71,535,46,78,27,418,892,84,2083,99,161,145,579,208,294,354,134,38,13,20,590,67,11,8422
162,Ecuador,ECU,2002,234,128,75,831,62,332,79,606,50,89,30,505,959,101,2341,109,199,166,695,236,341,415,147,40,15,22,685,76,12,9580
163,Ecuador,ECU,2003,256,143,81,890,65,351,84,649,53,97,32,558,1022,113,2484,116,224,183,754,258,373,455,156,41,16,23,756,83,14,10330
164,Ecuador,ECU,2004,273,154,86,949,70,360,89,678,55,105,34,577,1086,121,2581,120,232,194,764,282,401,476,162,43,17,24,817,88,16,10854
165,Ecuador,ECU,2005,292,168,93,1019,75,377,94,711,59,112,36,615,1148,132,2728,128,242,207,815,309,434,501,171,45,19,26,891,95,18,11560
166,Ecuador,ECU,2006,311,183,98,1074,77,392,98,730,60,120,38,652,1206,141,2814,136,251,219,854,331,464,526,175,46,19,27,959,101,18,12120
167,Ecuador,ECU,2007,326,197,101,1121,79,403,103,751,62,127,40,679,1256,148,2854,143,252,230,876,352,490,552,177,48,20,27,1017,107,19,12557
168,Ecuador,ECU,2008,343,209,105,1164,81,413,107,774,64,135,42,709,1301,156,2891,151,252,241,897,370,514,568,181,50,20,27,1072,116,19,12972
169,Ecuador,ECU,2009,357,215,108,1188,83,421,110,789,67,141,44,737,1329,162,2887,157,252,252,916,382,531,571,181,51,21,28,1107,124,20,13231
170,Ecuador,ECU,2010,374,223,112,1220,86,430,114,808,68,149,47,763,1371,168,2905,165,252,264,927,397,555,581,183,51,21,28,1158,133,20,13573
171,Ecuador,ECU,2011,386,232,114,1248,89,428,117,809,68,155,50,765,1429,170,2865,173,243,273,894,406,570,601,187,53,21,29,1197,140,20,13732
172,Ecuador,ECU,2012,409,245,120,1306,92,453,121,840,68,165,55,841,1469,183,2932,187,260,295,955,421,600,647,197,55,22,30,1284,151,20,14423
173,Ecuador,ECU,2013,432,255,124,1335,94,465,126,856,68,173,60,871,1514,190,2947,197,264,310,962,427,619,673,204,57,22,31,1344,162,21,14803
174,Ecuador,ECU,2014,453,261,128,1343,96,471,129,860,69,178,63,889,1529,194,2918,203,265,321,966,429,631,679,207,58,23,32,1379,167,22,14963
175,Ecuador,ECU,2015,474,266,131,1345,97,473,131,861,68,182,66,904,1527,196,2852,207,264,331,962,434,643,689,208,59,23,33,1398,170,23,15017
176,Ecuador,ECU,2016,500,278,137,1398,101,489,136,878,69,190,69,953,1574,204,2915,219,275,349,987,445,671,732,217,61,24,34,1464,177,24,15570
177,Ecuador,ECU,2017,517,288,142,1454,105,503,140,898,70,197,72,990,1609,211,2986,228,285,362,1010,455,693,772,226,63,25,35,1520,182,25,16063
178,Ecuador,ECU,2018,529,299,146,1510,107,517,143,907,71,202,73,1016,1656,214,3071,234,294,373,1032,462,710,809,234,64,25,37,1570,185,25,16515
179,Ecuador,ECU,2019,539,306,148,1552,108,528,145,921,72,206,74,1044,1679,217,3115,237,304,383,1057,470,724,840,238,65,26,37,1603,187,26,16851
180,Paraguay,PRY,1990,55,36,34,240,27,44,13,141,12,18,4,158,153,13,232,24,48,21,236,36,49,49,71,3,4,19,135,19,3,1897
181,Paraguay,PRY,1991,55,36,34,244,26,44,13,141,12,18,4,161,157,13,230,24,48,22,237,37,49,50,72,3,4,19,135,19,3,1910
182,Paraguay,PRY,1992,59,39,38,268,29,47,14,150,13,20,4,175,171,14,255,26,52,23,257,40,53,55,79,3,4,21,147,20,3,2079
183,Paraguay,PRY,1993,61,40,40,285,30,51,15,156,13,21,5,187,179,15,272,27,56,25,273,42,56,59,83,4,4,22,157,21,4,2203
184,Paraguay,PRY,1994,64,42,42,303,32,53,15,160,13,22,5,196,191,16,288,28,59,27,283,44,59,63,88,4,4,23,165,22,4,2315
185,Paraguay,PRY,1995,62,43,45,326,34,55,17,168,14,23,5,209,209,17,312,30,62,30,302,49,63,71,93,4,5,25,178,23,4,2478
186,Paraguay,PRY,1996,57,43,48,353,35,57,18,175,14,24,6,225,236,18,341,33,66,35,322,57,67,85,100,5,5,25,195,25,4,2674
187,Paraguay,PRY,1997,54,43,49,373,35,56,19,173,14,25,6,232,254,19,353,34,66,39,325,62,70,96,104,6,5,27,206,27,5,2777
188,Paraguay,PRY,1998,52,44,50,401,39,56,20,176,14,25,6,243,276,20,373,36,68,43,334,68,72,107,109,7,6,28,223,28,5,2929
189,Paraguay,PRY,1999,52,47,53,434,42,59,21,182,14,27,6,257,296,22,391,37,70,46,352,73,76,120,115,8,6,29,240,29,5,3109
190,Paraguay,PRY,2000,52,47,55,451,42,59,21,188,14,28,6,273,311,23,399,38,71,50,373,76,79,130,119,9,6,30,253,31,5,3239
191,Paraguay,PRY,2001,53,49,55,461,41,60,22,188,14,27,7,280,327,24,396,38,69,53,377,76,80,137,119,9,6,30,268,32,5,3303
192,Paraguay,PRY,2002,53,51,56,478,42,61,23,194,14,28,7,296,341,25,394,39,69,56,386,77,83,146,122,10,6,31,285,34,6,3413
193,Paraguay,PRY,2003,55,54,58,505,44,63,25,206,15,29,7,316,362,26,401,41,70,59,400,81,89,156,127,11,6,32,310,36,6,3590
194,Paraguay,PRY,2004,58,56,60,531,47,65,26,220,16,30,8,337,382,28,410,44,72,62,418,83,97,168,134,12,7,33,338,38,6,3786
195,Paraguay,PRY,2005,61,57,60,543,48,66,27,223,16,31,9,349,391,28,403,45,71,64,419,82,101,174,138,12,7,34,352,39,6,3856
196,Paraguay,PRY,2006,64,58,61,561,50,67,27,227,17,33,10,365,398,28,401,47,72,67,426,82,106,183,142,14,7,35,371,40,7,3966
197,Paraguay,PRY,2007,67,58,61,571,51,66,28,228,17,34,10,364,404,29,388,49,70,69,412,82,109,188,143,15,7,36,383,40,7,3986
198,Paraguay,PRY,2008,71,60,61,590,53,67,29,231,18,35,10,377,413,31,384,51,70,73,414,84,114,198,146,16,7,37,404,42,7,4093
199,Paraguay,PRY,2009,76,64,64,628,57,69,31,236,18,37,11,395,429,33,394,54,72,77,425,86,121,212,155,17,7,39,434,44,7,4292
200,Paraguay,PRY,2010,80,67,67,655,60,71,32,235,19,39,12,407,439,34,396,55,73,80,428,87,125,223,161,17,8,41,458,46,8,4423
201,Paraguay,PRY,2011,84,68,66,664,60,72,33,234,19,40,13,416,443,35,385,56,73,83,426,87,127,230,163,18,8,41,471,47,8,4470
202,Paraguay,PRY,2012,88,70,67,679,62,73,34,233,20,40,14,423,454,36,383,57,73,86,427,88,127,235,166,19,8,43,486,49,8,4548
203,Paraguay,PRY,2013,93,74,70,709,65,77,36,238,20,42,16,448,463,37,393,59,76,91,449,92,132,250,174,20,8,45,514,51,9,4751
204,Paraguay,PRY,2014,96,76,71,719,67,77,37,236,21,43,17,449,463,38,391,60,76,92,440,95,133,259,176,21,8,45,525,51,9,4791
205,Paraguay,PRY,2015,101,80,75,752,72,79,38,239,21,45,18,460,481,40,406,62,76,95,445,98,138,273,185,22,8,48,551,53,10,4971
206,Paraguay,PRY,2016,108,85,81,802,77,85,41,253,22,49,19,494,508,43,436,66,83,101,476,103,148,295,196,24,9,51,593,56,10,5314
207,Paraguay,PRY,2017,111,89,84,826,79,88,42,258,22,50,19,510,524,44,448,68,86,104,487,106,153,308,203,24,9,53,612,57,10,5474
208,Paraguay,PRY,2018,114,93,87,851,81,90,43,263,22,52,20,526,541,45,458,71,89,108,497,109,158,321,209,24,9,55,631,59,11,5637
209,Paraguay,PRY,2019,117,98,90,881,84,93,44,270,23,54,21,540,564,46,472,73,92,111,506,113,163,335,217,24,10,57,652,61,11,5822
210,Peru,PER,1990,744,266,124,1837,146,537,81,866,65,168,29,851,1074,105,3095,179,226,224,1199,525,523,238,216,75,22,50,896,76,65,14502
211,Peru,PER,1991,746,262,119,1764,133,534,79,861,62,162,28,866,1028,104,2918,172,226,235,1207,520,513,236,202,74,21,47,870,75,62,14126
212,Peru,PER,1992,812,285,129,1934,146,596,84,919,65,174,30,966,1089,115,3266,186,249,260,1352,549,564,263,222,77,23,51,961,83,73,15523
213,Peru,PER,1993,855,299,134,2017,152,621,87,934,66,181,31,993,1145,120,3420,193,252,277,1377,562,590,280,231,79,23,52,1008,88,82,16149
214,Peru,PER,1994,900,312,137,2070,152,662,89,953,65,186,31,1069,1175,126,3539,199,271,304,1482,575,614,299,235,80,24,53,1059,94,88,16843
215,Peru,PER,1995,945,328,141,2151,156,704,91,964,65,192,33,1134,1227,133,3731,208,288,332,1563,586,644,322,245,82,24,55,1125,101,97,17667
216,Peru,PER,1996,966,335,140,2128,152,683,91,963,65,191,33,1085,1266,129,3643,207,271,333,1458,601,650,326,243,86,24,54,1122,105,97,17447
217,Peru,PER,1997,899,347,144,2091,154,712,96,1009,65,199,35,1124,1354,136,3830,218,286,353,1514,628,698,386,248,90,25,53,1207,113,99,18113
218,Peru,PER,1998,849,360,148,2083,156,739,100,1034,64,207,36,1164,1443,143,3992,229,301,373,1564,647,736,441,254,92,25,53,1285,120,100,18738
219,Peru,PER,1999,669,355,150,1857,145,733,104,1068,63,209,37,1163,1529,148,4031,240,306,386,1569,661,779,548,252,95,26,49,1350,125,99,18746
220,Peru,PER,2000,677,361,154,1937,145,757,112,1124,66,219,39,1214,1620,155,4199,249,319,388,1625,692,827,628,266,94,28,49,1466,135,76,19621
221,Peru,PER,2001,654,353,154,1951,139,741,117,1132,67,222,40,1200,1670,156,4155,249,313,391,1586,701,840,698,269,92,28,47,1528,138,66,19697
222,Peru,PER,2002,642,354,157,2019,136,754,124,1161,68,230,42,1235,1743,162,4249,256,321,406,1626,718,873,787,279,90,29,46,1628,146,62,20343
223,Peru,PER,2003,635,359,161,2115,135,779,132,1204,70,239,43,1291,1811,171,4405,266,337,427,1695,742,915,886,292,90,31,46,1750,154,58,21239
224,Peru,PER,2004,618,367,163,2125,132,775,133,1195,69,238,42,1249,1865,169,4331,264,323,432,1637,754,914,932,294,88,30,44,1772,155,54,21164
225,Peru,PER,2005,613,375,167,2172,130,797,134,1203,68,246,39,1267,1922,174,4356,266,329,446,1678,769,933,976,297,87,30,46,1813,161,52,21546
226,Peru,PER,2006,607,386,170,2213,128,807,136,1196,66,252,37,1247,2020,175,4336,270,324,455,1651,779,948,1020,300,85,30,46,1845,167,49,21745
227,Peru,PER,2007,596,395,173,2247,125,808,136,1182,65,257,35,1203,2081,176,4279,271,313,460,1587,787,956,1063,300,85,30,46,1869,172,47,21744
228,Peru,PER,2008,610,415,182,2380,128,857,141,1233,66,269,35,1272,2180,186,4459,281,331,488,1674,831,1007,1131,309,85,31,49,1982,174,46,22832
229,Peru,PER,2009,669,476,206,2693,149,991,155,1348,71,303,39,1461,2397,213,5147,321,384,533,1936,898,1139,1275,352,90,34,56,2257,194,50,25837
230,Peru,PER,2010,699,510,217,2838,157,1043,163,1388,73,320,41,1526,2533,225,5382,343,401,556,1991,930,1197,1337,369,93,36,58,2384,204,49,27063
231,Peru,PER,2011,715,529,223,2906,160,1061,167,1399,73,330,42,1554,2619,229,5408,354,406,576,1983,951,1220,1364,372,95,36,60,2444,210,49,27535
232,Peru,PER,2012,729,544,228,2956,160,1074,170,1399,73,338,43,1577,2689,232,5408,364,411,598,1972,969,1238,1389,374,97,37,61,2501,217,48,27896
233,Peru,PER,2013,747,565,232,3004,161,1087,174,1401,73,348,45,1603,2739,236,5396,372,416,619,1963,987,1258,1425,380,98,37,61,2559,222,49,28257
234,Peru,PER,2014,758,577,234,3011,159,1083,176,1387,72,355,46,1613,2782,236,5287,374,415,638,1934,999,1260,1443,380,99,37,62,2580,225,49,28271
235,Peru,PER,2015,777,594,237,3050,160,1088,179,1389,72,364,48,1638,2854,239,5261,380,418,660,1929,1017,1278,1475,385,101,37,63,2627,230,50,28600
236,Peru,PER,2016,800,615,242,3136,164,1111,184,1405,73,376,50,1692,2943,244,5347,391,429,687,1960,1038,1314,1528,397,103,38,64,2714,237,51,29333
237,Peru,PER,2017,824,635,248,3239,169,1141,189,1419,74,387,53,1755,3046,251,5471,404,444,718,2004,1059,1356,1589,411,106,39,66,2816,247,53,30213
238,Peru,PER,2018,849,659,254,3355,174,1172,195,1438,75,399,56,1813,3166,258,5594,417,458,745,2042,1078,1400,1656,426,109,40,68,2923,256,55,31130
239,Peru,PER,2019,874,681,260,3472,180,1203,200,1453,76,411,58,1872,3285,264,5722,431,473,771,2083,1095,1444,1722,440,111,41,70,3035,265,58,32050
240,Suriname,SUR,1990,18,5,4,35,2,8,1,12,2,4,1,23,34,2,26,4,3,3,29,3,11,4,4,0,2,2,31,1,1,275
241,Suriname,SUR,1991,18,6,4,37,2,8,1,12,2,4,1,25,35,2,27,4,3,3,30,3,12,5,4,0,2,2,33,1,1,287
242,Suriname,SUR,1992,18,6,4,38,2,8,1,13,2,5,1,26,36,2,28,4,3,3,31,4,12,5,4,0,2,2,34,1,1,296
243,Suriname,SUR,1993,17,6,4,41,3,8,1,13,2,5,1,27,38,2,30,5,3,3,33,4,13,6,4,0,2,2,36,1,1,311
244,Suriname,SUR,1994,15,5,4,39,2,7,1,13,2,5,1,26,37,2,28,4,3,4,32,5,12,7,4,0,2,2,35,1,1,299
245,Suriname,SUR,1995,13,5,4,35,2,6,1,12,2,4,1,24,35,1,23,4,3,4,29,5,11,7,3,0,2,2,31,1,1,271
246,Suriname,SUR,1996,12,5,4,35,2,5,1,12,2,4,1,24,37,1,23,4,3,5,29,5,11,8,3,0,2,2,31,1,1,273
247,Suriname,SUR,1997,11,5,4,36,2,5,1,12,2,5,1,24,39,1,23,4,3,5,29,6,11,9,4,0,2,2,33,1,1,281
248,Suriname,SUR,1998,11,5,4,40,3,5,1,13,2,5,1,26,43,2,26,4,4,6,31,8,11,11,4,1,3,2,36,1,1,310
249,Suriname,SUR,1999,10,5,4,43,3,5,2,13,2,5,1,28,45,2,28,5,4,7,34,9,12,14,4,1,3,2,40,1,1,333
250,Suriname,SUR,2000,10,5,5,46,3,5,2,13,2,6,1,30,49,2,29,5,4,8,35,10,12,15,4,1,3,2,42,1,1,351
251,Suriname,SUR,2001,10,5,5,49,3,5,2,14,2,6,1,32,53,2,31,5,5,9,36,10,13,17,4,1,3,2,45,1,1,372
252,Suriname,SUR,2002,10,5,5,52,3,5,2,14,2,6,1,34,55,2,32,6,5,10,38,12,14,19,5,1,3,2,48,2,1,394
253,Suriname,SUR,2003,10,6,5,54,3,5,2,15,3,7,1,35,57,2,32,6,5,10,39,13,14,20,5,1,3,2,50,2,1,408
254,Suriname,SUR,2004,10,6,5,55,3,5,2,16,3,7,1,36,59,2,32,6,5,11,39,13,15,21,5,1,3,2,52,2,1,418
255,Suriname,SUR,2005,10,6,5,55,3,5,2,16,3,7,1,37,60,2,31,6,5,11,38,14,15,22,5,1,4,2,52,2,1,421
256,Suriname,SUR,2006,10,6,5,56,3,5,2,16,3,7,1,37,61,2,30,6,5,12,39,15,15,22,5,1,4,2,54,2,1,427
257,Suriname,SUR,2007,10,6,6,58,3,5,2,16,3,7,2,38,63,2,30,7,5,12,40,15,16,23,5,1,4,2,56,2,1,440
258,Suriname,SUR,2008,11,7,6,60,4,5,2,17,3,8,2,40,65,2,31,7,6,13,41,16,16,24,5,1,4,2,59,2,1,460
259,Suriname,SUR,2009,11,7,6,62,4,5,2,17,3,8,2,42,67,2,31,7,6,14,41,16,16,26,6,1,4,2,61,2,1,472
260,Suriname,SUR,2010,11,7,6,64,4,5,2,17,3,8,2,43,69,3,32,7,6,14,41,17,17,27,6,1,4,2,64,2,1,485
261,Suriname,SUR,2011,12,7,6,66,4,5,2,17,3,9,2,44,71,3,32,8,6,14,41,17,17,28,6,1,4,3,66,2,1,497
262,Suriname,SUR,2012,12,8,7,68,4,6,2,17,3,9,2,46,73,3,32,8,6,15,42,17,18,29,6,1,4,3,68,2,1,512
263,Suriname,SUR,2013,13,8,7,73,4,6,2,18,3,10,2,48,81,3,34,9,6,15,44,18,19,31,7,1,4,3,73,2,1,545
264,Suriname,SUR,2014,13,9,7,78,5,6,2,19,3,10,2,51,85,3,36,9,7,16,46,19,19,33,7,1,5,3,78,2,1,575
265,Suriname,SUR,2015,14,9,8,82,5,7,2,19,3,11,2,55,86,3,38,9,7,17,49,19,20,36,8,1,5,3,83,3,1,605
266,Suriname,SUR,2016,15,9,8,85,5,7,3,20,3,11,2,57,89,3,40,10,8,18,51,20,21,38,8,1,5,3,86,3,1,630
267,Suriname,SUR,2017,15,10,8,88,5,7,3,20,3,11,2,59,92,3,41,10,8,18,52,20,22,39,8,1,5,3,89,3,1,646
268,Suriname,SUR,2018,16,10,9,90,5,7,3,21,3,12,3,61,95,4,42,10,8,19,53,20,22,41,8,1,5,3,92,3,1,667
269,Suriname,SUR,2019,16,10,9,92,5,8,3,21,3,12,3,63,97,4,42,11,9,20,54,21,23,43,9,1,5,3,94,3,1,685
270,Uruguay,URY,1990,56,243,101,1674,185,225,45,244,26,94,27,807,552,16,691,239,69,123,206,133,195,412,378,17,19,56,1069,20,8,7930
271,Uruguay,URY,1991,55,246,102,1689,183,230,48,254,26,97,28,849,536,15,705,250,70,124,209,137,202,439,388,19,19,56,1124,21,9,8130
272,Uruguay,URY,1992,59,255,102,1693,180,228,49,252,25,100,28,831,581,18,691,252,70,132,208,137,206,438,372,18,19,56,1116,20,9,8145
273,Uruguay,URY,1993,61,263,101,1698,178,230,50,256,25,101,28,843,610,20,690,255,72,136,213,138,212,443,360,17,19,55,1122,20,9,8225
274,Uruguay,URY,1994,63,264,100,1673,172,230,51,251,24,103,29,839,642,22,679,256,70,138,214,138,219,443,353,17,18,54,1116,20,8,8206
275,Uruguay,URY,1995,64,265,99,1685,169,234,51,260,24,106,29,844,670,23,675,259,70,141,219,139,224,455,351,17,18,53,1136,20,8,8308
276,Uruguay,URY,1996,65,267,98,1657,163,235,53,265,23,109,30,843,698,25,668,259,71,146,224,140,230,468,352,17,18,52,1156,21,9,8362
277,Uruguay,URY,1997,64,256,99,1617,157,235,55,270,23,112,30,852,711,27,662,258,72,151,233,140,234,487,357,17,17,50,1181,22,8,8397
278,Uruguay,URY,1998,66,257,98,1623,157,240,58,277,22,113,32,882,733,27,669,266,72,158,241,138,244,510,361,19,17,51,1220,21,10,8582
279,Uruguay,URY,1999,68,258,97,1608,152,241,59,276,22,115,34,875,745,26,664,268,72,163,244,140,257,529,367,18,15,52,1235,22,9,8631
280,Uruguay,URY,2000,71,256,98,1581,147,235,62,272,21,117,34,872,759,26,644,264,71,162,242,142,253,535,362,17,16,53,1231,22,10,8575
281,Uruguay,URY,2001,74,255,98,1565,147,229,64,267,21,121,36,861,782,26,635,260,71,159,240,145,259,540,354,16,15,53,1231,22,9,8555
282,Uruguay,URY,2002,78,261,102,1579,147,227,64,272,21,128,38,882,791,26,636,258,73,165,240,146,267,561,356,16,15,52,1265,22,10,8698
283,Uruguay,URY,2003,83,268,103,1589,147,228,67,271,20,130,40,891,823,27,635,256,73,169,239,150,270,566,358,16,17,55,1297,24,11,8823
284,Uruguay,URY,2004,87,272,107,1570,145,226,70,269,22,131,41,906,833,28,628,247,75,170,230,152,272,567,354,16,17,54,1302,26,12,8829
285,Uruguay,URY,2005,89,271,106,1569,142,225,71,263,22,133,43,911,830,28,617,257,74,172,231,153,271,573,345,16,17,52,1301,25,12,8819
286,Uruguay,URY,2006,93,272,107,1562,139,220,74,257,22,135,45,895,837,29,603,265,73,175,223,156,271,577,337,15,17,49,1302,25,12,8787
287,Uruguay,URY,2007,96,282,110,1635,142,229,72,264,22,136,46,912,837,29,629,273,72,177,231,157,274,615,341,14,18,49,1370,25,13,9070
288,Uruguay,URY,2008,98,278,107,1609,136,228,70,263,22,139,49,890,838,28,600,273,73,176,229,156,267,617,326,15,18,47,1338,26,12,8928
289,Uruguay,URY,2009,101,285,108,1623,132,225,71,261,22,139,53,875,834,28,596,274,71,176,221,157,264,628,321,15,18,45,1325,27,11,8906
290,Uruguay,URY,2010,107,295,109,1656,132,229,77,263,22,143,55,884,834,29,607,279,73,176,220,163,268,654,321,16,17,47,1365,30,11,9082
291,Uruguay,URY,2011,110,301,111,1686,135,234,79,272,22,145,57,905,833,29,621,285,75,178,227,164,274,683,325,16,17,47,1408,32,12,9283
292,Uruguay,URY,2012,114,304,111,1694,135,234,81,275,22,147,59,899,821,29,621,287,74,178,228,167,276,699,322,15,16,46,1410,34,12,9310
293,Uruguay,URY,2013,117,308,111,1698,134,233,83,272,21,148,60,896,808,29,613,286,75,181,230,167,270,713,313,15,16,46,1395,35,13,9286
294,Uruguay,URY,2014,120,311,112,1690,133,235,84,273,21,151,62,892,807,29,599,283,75,180,232,166,274,725,308,16,16,45,1385,38,13,9275
295,Uruguay,URY,2015,123,319,114,1696,132,237,87,277,22,153,64,911,803,28,596,282,78,180,234,165,277,749,314,16,16,44,1413,39,14,9383
296,Uruguay,URY,2016,124,330,115,1688,134,234,87,278,21,155,64,915,804,30,590,285,79,182,232,163,282,763,320,16,16,45,1420,39,15,9426
297,Uruguay,URY,2017,125,334,116,1711,135,237,89,279,21,158,65,926,813,30,595,290,80,185,232,166,285,780,329,16,16,46,1462,39,15,9575
298,Uruguay,URY,2018,127,340,117,1730,136,237,90,281,21,161,66,928,828,30,594,293,80,187,230,166,288,795,336,16,16,47,1488,39,14,9681
299,Uruguay,URY,2019,128,346,118,1754,137,238,91,283,21,164,67,936,843,30,596,297,81,189,230,167,291,811,344,16,16,48,1520,39,14,9815
300,Venezuela,VEN,1990,639,278,144,1829,242,349,44,746,89,119,58,806,915,48,1842,159,184,65,1147,90,431,145,241,7,24,65,800,146,12,11664
301,Venezuela,VEN,1991,621,283,151,1915,255,353,47,739,91,126,61,860,992,51,1893,169,188,75,1199,98,445,168,247,8,25,66,853,154,13,12146
302,Venezuela,VEN,1992,628,299,156,1995,265,359,50,767,92,134,65,918,1087,54,1924,180,193,84,1239,106,471,191,252,9,27,68,917,162,14,12706
303,Venezuela,VEN,1993,596,305,157,2060,275,355,53,796,95,140,68,926,1245,56,1970,189,192,95,1255,117,485,217,258,11,28,68,964,176,15,13167
304,Venezuela,VEN,1994,546,310,169,2159,286,363,56,830,99,147,72,1012,1414,61,2067,205,202,115,1343,135,505,262,269,13,31,70,1051,190,16,13998
305,Venezuela,VEN,1995,435,303,174,2206,295,344,59,836,99,155,74,1049,1451,64,2059,208,204,155,1381,166,506,342,273,18,33,67,1117,196,17,14286
306,Venezuela,VEN,1996,339,288,174,2188,296,322,61,821,98,157,73,1079,1432,67,2013,205,204,209,1434,205,494,431,271,25,35,63,1143,198,17,14342
307,Venezuela,VEN,1997,297,278,176,2196,294,308,61,795,95,168,76,1102,1458,69,1972,206,202,252,1444,232,482,491,264,29,36,62,1162,203,16,14426
308,Venezuela,VEN,1998,282,282,186,2343,314,312,65,802,95,179,84,1132,1540,74,2073,219,201,285,1456,259,500,562,278,35,39,63,1236,207,16,15119
309,Venezuela,VEN,1999,271,287,192,2421,317,323,70,811,103,184,85,1180,1596,77,2113,227,205,313,1510,286,504,612,277,38,41,64,1285,218,16,15626
310,Venezuela,VEN,2000,267,303,198,2546,328,320,75,817,108,192,92,1197,1716,79,2123,235,203,342,1471,309,511,657,285,41,41,65,1350,225,17,16113
311,Venezuela,VEN,2001,274,327,213,2725,341,329,80,843,110,204,103,1266,1885,82,2160,252,205,368,1516,338,529,710,302,44,45,69,1437,241,17,17015
312,Venezuela,VEN,2002,290,345,223,2915,364,347,87,862,108,225,114,1404,2084,90,2272,267,220,396,1603,360,549,765,316,43,48,75,1542,261,17,18192
313,Venezuela,VEN,2003,309,364,241,3145,400,353,92,898,115,233,121,1443,2201,95,2382,287,218,398,1620,378,574,785,330,45,52,79,1599,278,19,19054
314,Venezuela,VEN,2004,314,358,233,3131,390,345,89,865,116,238,127,1440,2205,94,2312,285,212,402,1592,377,558,751,326,45,50,78,1548,288,18,18787
315,Venezuela,VEN,2005,334,380,240,3303,404,351,93,859,117,252,137,1503,2360,101,2360,301,217,419,1621,393,570,797,339,46,52,83,1610,303,20,19565
316,Venezuela,VEN,2006,361,422,261,3638,443,358,103,884,121,270,152,1566,2603,108,2497,326,221,440,1630,418,598,879,369,48,56,93,1764,323,21,20973
317,Venezuela,VEN,2007,390,463,278,3927,473,357,108,909,123,289,167,1624,2764,115,2586,350,227,464,1622,438,619,957,393,47,60,102,1907,338,22,22119
318,Venezuela,VEN,2008,419,506,292,4195,499,368,115,953,128,304,183,1742,2905,120,2667,366,244,496,1678,460,649,1040,414,49,64,111,2044,351,24,23386
319,Venezuela,VEN,2009,441,519,299,4290,501,368,118,964,131,317,195,1827,2953,122,2665,377,255,509,1701,471,651,1069,422,50,65,118,2094,354,25,23871
320,Venezuela,VEN,2010,436,515,286,4095,464,360,115,962,130,313,197,1925,2737,122,2512,365,267,519,1747,467,635,1052,404,52,64,114,2064,340,25,23284
321,Venezuela,VEN,2011,461,538,297,4213,471,366,119,975,132,325,211,2050,2793,125,2540,376,281,543,1800,482,653,1101,417,53,67,118,2149,343,25,24024
322,Venezuela,VEN,2012,497,584,313,4466,492,378,126,1009,138,345,225,2142,2948,133,2620,395,292,566,1819,501,686,1174,443,55,70,126,2271,367,26,25207
323,Venezuela,VEN,2013,511,599,314,4501,486,382,129,1029,141,351,236,2195,2960,135,2582,404,302,585,1853,510,705,1205,448,57,69,128,2329,381,26,25553
324,Venezuela,VEN,2014,524,609,323,4566,482,411,133,1108,141,361,237,2431,2923,145,2695,413,343,621,2074,527,750,1273,455,57,70,127,2471,387,27,26684
325,Venezuela,VEN,2015,548,631,334,4707,498,427,138,1136,144,375,242,2487,3028,150,2796,428,358,635,2136,536,777,1333,474,58,73,131,2578,402,28,27588
326,Venezuela,VEN,2016,582,662,351,4905,527,454,144,1121,146,395,249,2592,3292,158,2948,452,377,651,2201,543,796,1413,502,57,76,137,2718,422,29,28900
327,Venezuela,VEN,2017,608,685,365,5082,553,472,149,1112,147,410,252,2621,3486,164,3088,472,387,660,2225,545,808,1476,523,54,78,142,2827,441,30,29862
328,Venezuela,VEN,2018,632,707,381,5254,581,491,155,1124,150,424,256,2652,3668,170,3242,492,396,673,2265,552,825,1538,542,54,82,148,2944,461,31,30890
329,Venezuela,VEN,2019,688,757,414,5659,639,537,167,1155,159,458,271,2811,4091,184,3560,537,426,706,2390,579,872,1667,585,54,88,160,3194,502,33,33343
